DepartmentType,turnover_pct
Admin Offices,60.0
Executive Office,79.16666666666666
IT/IS,52.093023255813954
Production       ,50.198019801980195
Sales,49.546827794561935
Software Engineering,55.65217391304348
